__v,_id,activityHotness,coin,comments,createdAt,downvotes,hotness,id,isSelf,publishedAt,score,subreddit,title,updatedAt,upvotes
0,5f0c1d6f0b40f100190959b3,1.252762968495368,59d21e9b83a0523906a45db0,1,2020-07-13T08:38:08.274Z,0,73821.68993889441,hqbofz,True,2020-07-13T08:37:23.000Z,1,litecoin,Lite coin prediction,2020-07-13T09:58:05.566Z,2
0,5f0c14050b40f10019090ddf,2.970414465569701,59d21e9b83a0523906a45db0,13,2020-07-13T07:57:57.255Z,0,73823.27337742853,hqb5rb,True,2020-07-13T07:49:04.000Z,1,litecoin,I swear to god this is not a joke- free Litecoin for anyone who wants it,2020-07-13T16:58:07.096Z,0
0,5f0c11b10b40f1001908fda7,0.0,59d21e9b83a0523906a45db0,0,2020-07-13T07:48:01.797Z,0,73820.29800925926,hqb51w,True,2020-07-13T07:47:17.000Z,1,litecoin,I swear to god this is not a joke- free litecoin for anyone who wants it,2020-07-13T07:48:01.797Z,1
0,5f0b817c0b40f1001904a704,4.007333185232471,59d21e9b83a0523906a45db0,18,2020-07-12T21:32:44.481Z,0,73822.59506466672,hq2i5z,True,2020-07-12T21:31:35.000Z,1,litecoin,Litecoin Smart Contracts,2020-07-13T20:03:13.393Z,28
0,5f0b6c5f0b40f1001904189f,0.0,59d21e9b83a0523906a45db0,0,2020-07-12T20:02:39.592Z,0,73818.3349074074,hq0x4h,False,2020-07-12T20:00:34.000Z,1,litecoin,Litecoin | Compare Savings Interest Rates | Bitcompare,2020-07-12T20:02:39.592Z,1
0,5f0b341f0b40f100190224ba,3.044522437723423,59d21e9b83a0523906a45db0,4,2020-07-12T16:02:39.591Z,0,73820.70642058586,hpwofe,True,2020-07-12T15:58:17.000Z,1,litecoin,14 hours and still have not received litecoin? Please help,2020-07-13T20:03:13.393Z,15
0,5f0aedcf0b40f10019ffc393,2.6741486494265287,59d21e9b83a0523906a45db0,3,2020-07-12T11:02:39.880Z,0,73819.48734309388,hpskca,True,2020-07-12T10:52:45.000Z,1,litecoin,Delta showing wrong price for LTC,2020-07-13T20:03:13.393Z,10
0,5f0acbd30b40f10019fece29,1.0986122886681096,59d21e9b83a0523906a45db0,0,2020-07-12T08:37:39.802Z,0,73817.52435302941,hpr3s1,False,2020-07-12T08:33:16.000Z,1,litecoin,Coinbase IPO – What it means for DeFi &amp; Crypto. Major adoption is just around the corner.,2020-07-13T20:09:51.287Z,3
0,5f0a90100b40f10019fd49b8,2.3513752571634776,59d21e9b83a0523906a45db0,5,2020-07-12T04:22:40.053Z,0,73818.06679192383,hpo9os,False,2020-07-12T04:17:33.000Z,1,litecoin,Ruqqus is a Reddit alternative powered by donations - They take BTC/LTC and ETH. Spin up your old wallets and donate to a good cause!,2020-07-13T05:38:05.171Z,3
0,5f08af880b40f10019edfdaf,3.7495040759303713,59d21e9b83a0523906a45db0,3,2020-07-10T18:12:24.453Z,0,73813.76677259445,hotuh1,False,2020-07-10T18:06:13.000Z,1,litecoin,Interesting to see that less than 1 Litoshi per byte transactions are still confirming on Litecoin blockchain.,2020-07-13T20:03:13.393Z,38
0,5f07f9e40b40f10019e8452a,1.3862943611198906,59d21e9b83a0523906a45db0,2,2020-07-10T05:17:24.259Z,0,73809.26171102778,hoj2vo,True,2020-07-10T05:15:09.000Z,1,litecoin,"Litecoin, Up or Down?",2020-07-10T05:27:27.660Z,1
0,5f07c07e0b40f10019e69ad1,3.56953269648137,59d21e9b83a0523906a45db0,21,2020-07-10T01:12:30.990Z,0,73810.75837528906,hofi8f,True,2020-07-10T01:07:59.000Z,1,litecoin,"Is there a way to get started at 16? If so, how do I get started?",2020-07-13T20:03:13.393Z,4
0,5f076e710b40f10019e41fa1,0.6931471805599453,59d21e9b83a0523906a45db0,0,2020-07-09T19:22:25.070Z,0,73806.89060088426,ho9819,False,2020-07-09T19:11:05.000Z,1,litecoin,[Question] alguien ya pudo ganar más de 0.002 ltc por semana con esta app?,2020-07-09T19:37:35.476Z,2
0,5f076e710b40f10019e41fa2,3.481240089335692,59d21e9b83a0523906a45db0,17,2020-07-09T19:22:25.070Z,0,73809.67624008935,ho97i4,True,2020-07-09T19:10:12.000Z,1,litecoin,LTC STAKING &amp; INTEREST,2020-07-13T20:03:13.393Z,7
0,5f05fd210b40f10019d83c26,0.0,59d21e9b83a0523906a45db0,0,2020-07-08T17:06:41.772Z,0,73801.83703703704,hnkt51,False,2020-07-08T17:01:20.000Z,1,litecoin,Digital Yuan will be tested through Ride-Hailing Giant Didi •,2020-07-08T17:06:41.772Z,1
0,5f0518980b40f10019d0dfe2,0.0,59d21e9b83a0523906a45db0,0,2020-07-08T00:51:37.303Z,0,73799.12546296297,hn6zlu,False,2020-07-08T00:45:10.000Z,1,litecoin,Litecoin's Hype Is Building (Don't miss the boat!),2020-07-08T06:36:37.666Z,1
0,5f04e6330b40f10019cfb7ff,5.056245805348308,59d21e9b83a0523906a45db0,58,2020-07-07T21:16:35.435Z,0,73803.5980050646,hn39qy,False,2020-07-07T21:15:02.000Z,1,litecoin,Charles Hoskinson Wants Cardano (ADA) and Litecoin (LTC) to Work Together; Calls On Charlie Lee,2020-07-13T20:03:13.393Z,70
0,5f04e2b30b40f10019cf9ed5,0.0,59d21e9b83a0523906a45db0,0,2020-07-07T21:01:39.964Z,0,73798.49027777778,hn2xir,True,2020-07-07T20:56:30.000Z,0,litecoin,best cryptocurrency signal group!,2020-07-07T21:01:39.964Z,0
0,5f0432d40b40f10019ca10c1,3.091042453358316,59d21e9b83a0523906a45db0,2,2020-07-07T08:31:16.341Z,0,73799.46979245337,hmqj7a,True,2020-07-07T08:16:21.000Z,1,litecoin,Litecoin dust threshold value,2020-07-13T19:33:00.671Z,19
0,5f024a5d0b40f10019ba8aa9,2.0149030205422647,59d21e9b83a0523906a45db0,5,2020-07-05T21:47:09.370Z,0,73792.63967153906,hluvps,True,2020-07-05T21:44:55.000Z,1,litecoin,Litecoin Consolidation Period. Buy Or Sell?,2020-07-06T06:04:32.185Z,0
0,5f0230880b40f10019b9dba8,3.8815637979434374,59d21e9b83a0523906a45db0,3,2020-07-05T19:56:56.896Z,0,73794.1970730572,hlsz4a,False,2020-07-05T19:53:35.000Z,1,litecoin,Litecoin MimbleWimble Update -Privacy upgrade to push fungibility with Mimblewimble on Extension Blocks,2020-07-13T20:03:13.393Z,44
0,5f011ac40b40f10019b0cee3,2.6026896854443837,59d21e9b83a0523906a45db0,1,2020-07-05T00:11:48.482Z,0,73789.6319489447,hldgwb,False,2020-07-05T00:10:32.000Z,1,litecoin,Litecoin MimbleWimble June 2020 Update,2020-07-05T07:31:51.358Z,12
0,5f0091a20b40f10019ac336a,4.060443010546419,59d21e9b83a0523906a45db0,8,2020-07-04T14:26:42.258Z,0,73789.44373004758,hl40om,True,2020-07-04T14:17:59.000Z,2,litecoin,Contributing to litecoin development,2020-07-13T20:03:13.393Z,46
0,5f00757c0b40f10019ab2eaf,2.4423470353692043,59d21e9b83a0523906a45db0,3,2020-07-04T12:26:36.479Z,0,73787.51461555388,hl2if1,True,2020-07-04T12:26:01.000Z,1,litecoin,Bitaps site update,2020-07-13T20:03:13.393Z,7
0,5f0044440b40f10019a9897a,4.61512051684126,59d21e9b83a0523906a45db0,38,2020-07-04T08:56:37.891Z,0,73789.09789829463,hl09gn,False,2020-07-04T08:53:48.000Z,1,litecoin,74% of Litecoin Enthusiasts Maintain a Bullish Outlook • What is your Sentiment?,2020-07-13T20:03:13.393Z,44
0,5effdac10b40f10019a6428a,3.349904087274605,59d21e9b83a0523906a45db0,17,2020-07-04T01:26:25.564Z,0,73786.58309853172,hkux6n,True,2020-07-04T01:23:57.000Z,1,litecoin,Im 18 years old and I just started litecoin. I just invested $10 into litecoin. I don’t know much about investing in crypto any advice?,2020-07-13T19:42:57.905Z,3
0,5eff53fe0b40f10019a1eeea,3.979681653901961,59d21e9b83a0523906a45db0,3,2020-07-03T15:51:26.386Z,0,73785.60148720945,hklbbf,False,2020-07-03T15:43:51.000Z,1,litecoin,Mimblewimble Progress Update Thread - June,2020-07-13T20:03:13.393Z,49
0,5eff3c920b40f10019a1172b,1.7047480922384253,59d21e9b83a0523906a45db0,1,2020-07-03T14:11:30.426Z,0,73783.04720179594,hkjl7a,False,2020-07-03T14:03:17.000Z,1,litecoin,Litecoin (LTC) Fundamentals Slide,2020-07-13T07:18:12.279Z,4
0,5eff07d20b40f100199f437b,3.624340932976365,59d21e9b83a0523906a45db0,1,2020-07-03T10:26:26.968Z,0,73784.34290574779,hkglj6,False,2020-07-03T10:18:41.000Z,1,litecoin,Significance of MimbleWimble to Litecoin (LTC) As Its Testnet Launch Sets for Mid-September,2020-07-13T20:03:13.393Z,36
0,5efdd4a50b40f100199588db,1.7047480922384253,59d21e9b83a0523906a45db0,1,2020-07-02T12:35:49.399Z,0,73778.79669253668,hjw63j,False,2020-07-02T12:33:06.000Z,1,litecoin,ChangeNOW has released an iOS app! Now iOS users can easily swap LTC with 125 different coins!,2020-07-13T20:03:46.883Z,4
0,5efd5d280b40f1001991d3a6,2.3978952727983707,59d21e9b83a0523906a45db0,6,2020-07-02T04:06:00.464Z,0,73778.06613601353,hjpxtv,True,2020-07-02T04:00:34.000Z,1,litecoin,Staking,2020-07-09T19:07:27.574Z,2
0,5efd10f10b40f100198f8a3e,5.214935757608986,59d21e9b83a0523906a45db0,16,2020-07-01T22:40:49.873Z,0,73779.98197279465,hjksvi,False,2020-07-01T22:36:08.000Z,1,litecoin,Charlie Lee Signed Into Litecoin Genesis Block to Show Craig Wright How to Prove He Is Satoshi,2020-07-12T15:52:40.267Z,160
0,5efcd9e3b5abe10019ed738a,2.302585092994046,59d21e9b83a0523906a45db0,2,2020-07-01T18:45:55.891Z,0,73776.20332583375,hjeof9,False,2020-07-01T17:24:16.000Z,4,litecoin,Litecoin Technical Analysis: LTC/USD gets some hope after a 1.7% surge to $42,2020-07-01T19:00:52.360Z,7
0,5efcd9e3b5abe10019ed7394,3.068052935133617,59d21e9b83a0523906a45db0,13,2020-07-01T18:45:55.891Z,0,73774.02740478699,hiz4iz,True,2020-06-30T23:45:22.000Z,0,litecoin,Beginner,2020-07-10T01:02:25.362Z,2
0,5efcd9e3b5abe10019ed738d,3.349904087274605,59d21e9b83a0523906a45db0,7,2020-07-01T18:45:55.891Z,0,73773.04295964283,hiqaaa,True,2020-06-30T16:09:30.000Z,17,litecoin,Anywhere I can get testnet coins?,2020-07-12T04:12:44.688Z,18
0,5efcd9e3b5abe10019ed7392,4.212127597878484,59d21e9b83a0523906a45db0,29,2020-07-01T18:45:55.891Z,0,73773.3531461164,himqz1,True,2020-06-30T12:50:46.000Z,21,litecoin,The day I entered crypto world,2020-07-10T18:02:22.465Z,24
0,5efcd9e3b5abe10019ed738e,2.9444389791664403,59d21e9b83a0523906a45db0,0,2020-07-01T18:45:55.891Z,0,73763.93726305323,hhd6nw,False,2020-06-28T11:57:25.000Z,18,litecoin,Litecoin Explained - What is Litecoin?,2020-07-09T14:27:30.178Z,19
0,5ef6a261b5abe10019b982cd,4.212127597878484,59d21e9b83a0523906a45db0,35,2020-06-27T01:35:29.864Z,0,73759.45379426454,hgkg8e,True,2020-06-27T01:27:00.000Z,1,litecoin,Break My Heart please,2020-07-08T13:26:31.967Z,15
0,5ef600a9aee5af00185d959f,1.0986122886681096,59d21e9b83a0523906a45db0,0,2020-06-26T14:05:29.666Z,0,73754.44551043681,hg86nu,True,2020-06-26T14:04:53.000Z,1,litecoin,New and first multi-coin testnet mining pool!,2020-07-01T18:45:55.965Z,3
0,5ef600a9aee5af00185d959e,3.6109179126442243,59d21e9b83a0523906a45db0,14,2020-06-26T14:05:29.651Z,0,73756.94786235709,hg84f2,True,2020-06-26T14:01:18.000Z,1,litecoin,New Multi-Coin Testnet Faucet!,2020-07-07T20:51:38.560Z,16
0,5ef5b92caee5af00185b345a,3.044522437723423,59d21e9b83a0523906a45db0,4,2020-06-26T09:00:28.364Z,0,73755.53456873402,hg42rv,False,2020-06-26T08:56:25.000Z,1,litecoin,Litecoin Futures Explained - What are LTC Futures and How They Work,2020-07-06T13:19:47.564Z,15
0,5ef4dcd462558c001947ee0c,0.0,59d21e9b83a0523906a45db0,0,2020-06-25T17:20:20.481Z,0,73749.8649537037,hfpxhh,False,2020-06-25T17:11:23.000Z,1,litecoin,How to easily acquire Bitcoin on every continent (except Antarctica),2020-07-01T18:45:55.965Z,0
0,5ef47a1e62558c00194462ac,0.0,59d21e9b83a0523906a45db0,0,2020-06-25T10:19:10.464Z,0,73748.71347222223,hfjnnl,False,2020-06-25T10:16:51.000Z,1,litecoin,New York is coming up with a proposal to facilitate the use of Cryptocurrencies •,2020-06-25T10:19:10.464Z,1
0,5ef3f6e962558c0019400dc1,2.302585092994046,59d21e9b83a0523906a45db0,4,2020-06-25T00:59:21.302Z,0,73749.44022398189,hfcvgr,True,2020-06-25T00:49:33.000Z,1,litecoin,BTC-e.com YES we have some update “New Zealand Police Seize $90M Linked to Alleged BTC-e Exchange Operator”.,2020-07-04T08:46:33.687Z,4
0,5ef3c47a62558c00193e8753,4.886582645426277,59d21e9b83a0523906a45db0,31,2020-06-24T21:24:10.267Z,0,73751.45033264543,hf9srq,True,2020-06-24T21:22:57.000Z,1,litecoin,How many of us are here because we care about Litecoin?,2020-07-04T14:16:42.367Z,86
0,5ef397f162558c00193d1972,2.833213344056216,59d21e9b83a0523906a45db0,8,2020-06-24T18:14:09.469Z,0,73748.85154667738,hf607k,True,2020-06-24T18:06:36.000Z,1,litecoin,How I know then LTC is going to go down,2020-07-04T01:16:33.993Z,5
0,5ef36dc362558c00193b9679,3.295836866004329,59d21e9b83a0523906a45db0,12,2020-06-24T15:14:11.656Z,0,73748.82329056971,hf2ogi,True,2020-06-24T15:09:53.000Z,1,litecoin,Mining difficulty adjustment,2020-07-03T22:16:35.862Z,9
0,5ef351a362558c00193a945f,0.6931471805599453,59d21e9b83a0523906a45db0,0,2020-06-24T13:14:11.024Z,0,73745.89819347685,hf0smf,True,2020-06-24T13:13:49.000Z,1,litecoin,Free 15€ Bonus on your next 25€ purchase of ltc guide (only EU &amp; UK),2020-06-24T13:44:09.756Z,2
0,5ef2fe6e5802330019b155cd,4.448516375942715,59d21e9b83a0523906a45db0,41,2020-06-24T07:19:10.568Z,0,73748.64485896853,hewdjg,True,2020-06-24T07:10:41.000Z,1,litecoin,Ivan on Tech doesn't understand Litecoin,2020-07-03T14:31:26.178Z,24
0,5ef2522adcafb500198063f4,4.56954300834494,59d21e9b83a0523906a45db0,43,2020-06-23T19:04:10.466Z,0,73746.73838560094,heko7e,True,2020-06-23T19:00:47.000Z,1,litecoin,Why Choose Litecoin?,2020-07-03T13:41:26.193Z,32
